Name,Somme de Age,Somme de Height,Position,Somme de Caps,Foot,Country,Somme de Goals,Club,Somme de MarketValue
Aaron Ramsdale,26,190,Goalkeeper,5,right,England,0,Arsenal FC,25000000
Abdülkerim Bardakcı,29,185,Centre-Back,7,left,Turkiye,1,Galatasaray,9000000
Adam Buksa,27,191,Centre-Forward,15,left,Poland,6,Antalyaspor,6000000
Adam Gnezda Cerin,24,180,Central Midfield,30,right,Slovenia,4,Panathinaikos FC,3500000
Adam Hlozek,21,188,Second Striker,31,right,Czech Republic,2,Bayer 04 Leverkusen,12000000
Ádám Lang,31,186,Centre-Back,68,right,Hungary,2,Omonia Nicosia,450000
Ádám Nagy,28,178,Defensive Midfield,80,right,Hungary,2,Spezia Calcio,900000
Adam Obert,21,188,Centre-Back,4,left,Slovakia,0,Cagliari Calcio,3500000
Adam Wharton,20,182,Central Midfield,1,left,England,0,Crystal Palace,30000000
Adrian Rus,28,188,Centre-Back,20,right,Romania,1,Pafos FC,700000
Adrian Șut,25,186,Defensive Midfield,2,right,Romania,0,FCSB,2700000
Adrian Zeljkovic,21,192,Defensive Midfield,1,right,Slovenia,0,Spartak Trnava,2000000
Adrien Rabiot,29,188,Central Midfield,43,left,France,4,Juventus FC,35000000
Ahmetcan Kaplan,21,189,Centre-Back,0,left,Turkiye,0,Ajax Amsterdam,10000000
Alejandro Grimaldo,28,171,Left-Back,3,left,Spain,0,Bayer 04 Leverkusen,45000000
Aleksandar Mitrovic,29,189,Centre-Forward,90,right,Serbia,57,Al-Hilal SFC,28000000
Aleksandar Pavlovic,20,188,Defensive Midfield,1,both,Germany,0,Bayern Munich,30000000
Alessandro Bastoni,25,190,Centre-Back,23,left,Italy,1,Inter Milan,70000000
Alessandro Buongiorno,25,190,Centre-Back,3,left,Italy,0,Torino FC,35000000
Álex Baena,22,174,Attacking Midfield,3,right,Spain,1,Villarreal CF,40000000
Alex Meret,27,190,Goalkeeper,3,left,Italy,0,SSC Napoli,12000000
Álex Remiro,29,191,Goalkeeper,1,right,Spain,0,Real Sociedad,25000000
Alexander Bah,26,183,Right-Back,10,right,Denmark,1,SL Benfica,13000000
Alexander Prass,23,180,Left Midfield,4,left,Austria,0,SK Sturm Graz,12000000
Alexandru Cicâldău,26,178,Attacking Midfield,37,right,Romania,4,Konyaspor,3000000
Alphonse Areola,31,195,Goalkeeper,5,right,France,0,West Ham United,10000000
Altay Bayındır,26,198,Goalkeeper,9,right,Turkiye,0,Manchester United,10000000
Álvaro Morata,31,189,Centre-Forward,72,right,Spain,34,Atlético de Madrid,16000000
Amadou Onana,22,195,Defensive Midfield,12,right,Belgium,0,Everton FC,50000000
Amir Abrashi,34,172,Defensive Midfield,50,right,Albania,1,Grasshopper Club Zurich,200000
Anatoliy Trubin,22,199,Goalkeeper,11,right,Ukraine,0,SL Benfica,25000000
Anders Dreyer,26,174,Right Winger,3,left,Denmark,0,RSC Anderlecht,15000000
András Schäfer,25,178,Central Midfield,25,right,Hungary,3,1.FC Union Berlin,5000000
Andraz Sporar,30,186,Centre-Forward,52,right,Slovenia,11,Panathinaikos FC,4000000
Andrea Cambiaso,24,182,Left-Back,3,both,Italy,0,Juventus FC,25000000
Andreas Christensen,28,187,Centre-Back,69,right,Denmark,3,FC Barcelona,40000000
Andreas Skov Olsen,24,187,Right Winger,29,left,Denmark,8,Club Brugge KV,18000000
Andreas Weimann,32,179,Attacking Midfield,23,right,Austria,2,Bristol City,900000
Andrei Burcă,31,188,Centre-Back,27,right,Romania,1,Al-Okhdood Club,3000000
Andrei Rațiu,25,183,Right-Back,17,right,Romania,1,Rayo Vallecano,1400000
Andrej Kramaric,32,177,Centre-Forward,92,right,Croatia,28,TSG 1899 Hoffenheim,5000000
Andrew Robertson,30,178,Left-Back,69,left,Scotland,3,Liverpool FC,30000000
Andrija Zivkovic,27,169,Right Winger,45,left,Serbia,1,PAOK Thessaloniki,8000000
Andriy Lunin,25,191,Goalkeeper,11,right,Ukraine,0,Real Madrid,25000000
Andriy Yarmolenko,34,189,Right Winger,118,left,Ukraine,46,Dynamo Kyiv,2000000
Angus Gunn,28,196,Goalkeeper,7,right,Scotland,0,Norwich City,2500000
Ante Budimir,32,190,Centre-Forward,20,left,Croatia,2,CA Osasuna,5000000
Anthony Gordon,23,182,Left Winger,3,right,England,0,Newcastle United,60000000
Anthony Ralston,25,178,Right-Back,6,right,Scotland,1,Celtic FC,1800000
Antoine Griezmann,33,176,Centre-Forward,128,left,France,44,Atlético de Madrid,25000000
Antonín Barák,29,190,Attacking Midfield,39,left,Czech Republic,8,ACF Fiorentina,4500000
Antonio Rüdiger,31,190,Centre-Back,69,right,Germany,3,Real Madrid,25000000
António Silva,20,187,Centre-Back,10,right,Portugal,0,SL Benfica,45000000
Anzor Mekvabishvili,23,174,Defensive Midfield,13,right,Georgia,0,CS Universitatea Craiova,1200000
Arbër Hoxha,25,185,Left Winger,4,right,Albania,0,GNK Dinamo Zagreb,1800000
Arda Güler,19,175,Attacking Midfield,6,left,Turkiye,1,Real Madrid,30000000
Ardian Ismajli,27,187,Centre-Back,38,right,Albania,2,FC Empoli,3000000
Ardon Jashari,21,181,Defensive Midfield,2,left,Switzerland,0,FC Luzern,6000000
Arlind Ajeti,30,184,Centre-Back,25,right,Albania,1,CFR Cluj,1000000
Armando Broja,22,191,Centre-Forward,21,right,Albania,5,Chelsea FC,22000000
Artem Dovbyk,26,189,Centre-Forward,27,left,Ukraine,9,Girona FC,35000000
Arthur Theate,24,185,Centre-Back,15,left,Belgium,0,Stade Rennais FC,20000000
Arthur Vermeeren,19,180,Central Midfield,4,right,Belgium,0,Atlético de Madrid,25000000
Aster Vranckx,21,183,Central Midfield,7,right,Belgium,0,VfL Wolfsburg,12000000
Attila Fiola,34,183,Right-Back,56,right,Hungary,2,Fehérvár FC,400000
Attila Szalai,26,192,Centre-Back,43,left,Hungary,1,SC Freiburg,4000000
Aurélien Tchouaméni,24,188,Defensive Midfield,31,right,France,3,Real Madrid,100000000
Axel Witsel,35,186,Centre-Back,131,right,Belgium,12,Atlético de Madrid,3500000
Aymeric Laporte,30,191,Centre-Back,28,left,Spain,1,Al-Nassr FC,20000000
Ayoze Pérez,30,178,Left Winger,1,right,Spain,1,Real Betis Balompié,7000000
Barış Alper Yılmaz,24,186,Right Winger,14,right,Turkiye,1,Galatasaray,17000000
Barnabás Varga,29,181,Centre-Forward,10,right,Hungary,4,Ferencvárosi TC,2500000
Bart Verbruggen,21,194,Goalkeeper,6,right,Netherlands,0,Brighton & Hove Albion,18000000
Bartosz Bereszyński,31,183,Right-Back,55,right,Poland,0,FC Empoli,1300000
Bartosz Salamon,33,194,Centre-Back,13,right,Poland,0,Lech Poznan,500000
Bartosz Slisz,25,179,Defensive Midfield,8,right,Poland,0,Atlanta United FC,5000000
Bendegúz Bolla,24,179,Right-Back,16,right,Hungary,0,Servette FC,2000000
Benjamin Henrichs,27,185,Right-Back,15,right,Germany,0,RB Leipzig,20000000
Benjamin Pavard,28,186,Centre-Back,54,right,France,5,Inter Milan,50000000
Benjamin Sesko,21,195,Centre-Forward,28,right,Slovenia,11,RB Leipzig,50000000
Benjamin Verbic,30,183,Left Winger,58,right,Slovenia,6,Panathinaikos FC,2000000
Berat Djimsiti,31,190,Centre-Back,57,right,Albania,1,Atalanta BC,10000000
Bernardo Silva,29,173,Attacking Midfield,88,left,Portugal,11,Manchester City,70000000
Bertuğ Yıldırım,21,191,Centre-Forward,3,right,Turkiye,2,Stade Rennais FC,3500000
Billy Gilmour,22,170,Defensive Midfield,19,right,Scotland,1,Brighton & Hove Albion,18000000
Bogdan Mykhaylichenko,27,178,Left-Back,8,left,Ukraine,0,Polissya Zhytomyr,2500000
Bogdan Racovițan,24,187,Centre-Back,2,"",Romania,0,Raków Częstochowa,1800000
Borna Sosa,26,187,Left-Back,20,left,Croatia,1,Ajax Amsterdam,7500000
Botond Balogh,22,189,Centre-Back,4,right,Hungary,0,Parma Calcio 1913,1800000
Bradley Barcola,21,182,Left Winger,1,right,France,0,Paris Saint-Germain,50000000
Breel Embolo,27,187,Centre-Forward,63,right,Switzerland,13,AS Monaco,12000000
Brian Brobbey,22,182,Centre-Forward,2,right,Netherlands,0,Ajax Amsterdam,35000000
Brice Samba,30,187,Goalkeeper,3,left,France,0,RC Lens,15000000
Bruno Fernandes,29,179,Attacking Midfield,65,right,Portugal,22,Manchester United,70000000
Bruno Petkovic,29,193,Centre-Forward,37,right,Croatia,11,GNK Dinamo Zagreb,5000000
Bryan Cristante,29,186,Defensive Midfield,39,right,Italy,2,AS Roma,20000000
Budu Zivzivadze,30,189,Centre-Forward,25,both,Georgia,7,Karlsruher SC,900000
Bukayo Saka,22,178,Right Winger,33,left,England,11,Arsenal FC,140000000
Callum McGregor,30,178,Central Midfield,53,left,Scotland,2,Celtic FC,8500000
Callum Styles,24,167,Central Midfield,21,left,Hungary,0,Barnsley FC,2500000
Cédric Zesiger,25,194,Centre-Back,3,left,Switzerland,0,VfL Wolfsburg,5000000
Cenk Tosun,33,183,Centre-Forward,50,right,Turkiye,20,Besiktas JK,2000000
Charles De Ketelaere,23,192,Attacking Midfield,14,left,Belgium,2,Atalanta BC,34000000
Ché Adams,27,179,Centre-Forward,25,right,Scotland,6,Southampton FC,15000000
Chris Führich,26,181,Left Winger,4,right,Germany,0,VfB Stuttgart,28000000
Christian Eriksen,32,182,Central Midfield,129,right,Denmark,41,Manchester United,8000000
Christian Nørgaard,30,187,Defensive Midfield,25,right,Denmark,1,Brentford FC,18000000
Christoph Baumgartner,24,180,Attacking Midfield,36,right,Austria,13,RB Leipzig,18000000
Cody Gakpo,25,193,Left Winger,23,right,Netherlands,9,Liverpool FC,50000000
Cole Palmer,22,189,Attacking Midfield,4,left,England,1,Chelsea FC,80000000
Conor Gallagher,24,182,Central Midfield,13,right,England,0,Chelsea FC,50000000
Cristiano Ronaldo,39,188,Centre-Forward,206,right,Portugal,128,Al-Nassr FC,15000000
Daley Blind,34,180,Centre-Back,107,left,Netherlands,3,Girona FC,3000000
Damian Szymanski,28,185,Defensive Midfield,17,right,Poland,2,AEK Athens,3500000
Dan Ndoye,23,184,Right Winger,10,right,Switzerland,0,Bologna FC 1909,14000000
Dani Olmo,26,179,Attacking Midfield,33,right,Spain,8,RB Leipzig,50000000
Dani Vivian,24,184,Centre-Back,2,right,Spain,0,Athletic Bilbao,25000000
Daniel Bîrligea,24,184,Centre-Forward,2,right,Romania,0,CFR Cluj,1600000
Daniel Carvajal,32,173,Right-Back,43,right,Spain,0,Real Madrid,12000000
Dániel Gazdag,28,178,Attacking Midfield,24,right,Hungary,4,Philadelphia Union,8000000
Danilo Pereira,32,188,Defensive Midfield,72,right,Portugal,2,Paris Saint-Germain,8000000
Darius Olaru,26,177,Attacking Midfield,18,both,Romania,0,FCSB,7000000
David Brekalo,25,188,Centre-Back,12,right,Slovenia,1,Orlando City SC,3500000
David Doudera,26,175,Right Midfield,8,right,Czech Republic,1,SK Slavia Prague,3000000
David Duris,25,186,Left Winger,12,right,Slovakia,1,Ascoli Calcio,600000
David Hancko,26,188,Centre-Back,37,left,Slovakia,4,Feyenoord Rotterdam,35000000
David Jurásek,23,183,Left-Back,7,left,Czech Republic,0,TSG 1899 Hoffenheim,8000000
David Raum,26,180,Left-Back,21,left,Germany,0,RB Leipzig,20000000
David Raya,28,183,Goalkeeper,5,right,Spain,0,Arsenal FC,35000000
David Strelec,23,185,Centre-Forward,18,left,Slovakia,3,Slovan Bratislava,2800000
David Zima,23,192,Centre-Back,20,right,Czech Republic,1,SK Slavia Prague,4000000
Davide Frattesi,24,178,Central Midfield,14,right,Italy,4,Inter Milan,35000000
Dayot Upamecano,25,186,Centre-Back,19,right,France,2,Bayern Munich,45000000
Dean Henderson,27,188,Goalkeeper,1,right,England,0,Crystal Palace,12000000
Declan Rice,25,188,Defensive Midfield,51,right,England,3,Arsenal FC,120000000
Deian Sorescu,26,175,Right Winger,17,right,Romania,0,Gaziantep FK,1000000
Dénes Dibusz,33,188,Goalkeeper,36,right,Hungary,0,Ferencvárosi TC,2500000
Denis Alibec,33,187,Centre-Forward,37,left,Romania,5,Muaither SC,700000
Denis Drăguș,24,185,Centre-Forward,11,right,Romania,2,Gaziantep FK,4000000
Denis Vavro,28,189,Centre-Back,19,right,Slovakia,2,FC Copenhagen,4000000
Denis Zakaria,27,190,Defensive Midfield,54,right,Switzerland,3,AS Monaco,25000000
Deniz Undav,27,179,Centre-Forward,2,right,Germany,0,VfB Stuttgart,25000000
Dennis Man,25,183,Right Winger,24,left,Romania,7,Parma Calcio 1913,9000000
Denzel Dumfries,28,188,Right Midfield,52,right,Netherlands,6,Inter Milan,24000000
Diogo Costa,24,186,Goalkeeper,20,right,Portugal,0,FC Porto,40000000
Diogo Dalot,25,184,Right-Back,18,right,Portugal,2,Manchester United,35000000
Diogo Jota,27,178,Left Winger,37,right,Portugal,13,Liverpool FC,50000000
Djordje Petrovic,24,194,Goalkeeper,3,right,Serbia,0,Chelsea FC,20000000
Dodi Lukébakio,26,187,Right Winger,15,left,Belgium,2,Sevilla FC,12000000
Domagoj Vida,35,184,Centre-Back,105,right,Croatia,4,AEK Athens,1200000
Dominik Livakovic,29,188,Goalkeeper,53,right,Croatia,0,Fenerbahce,11000000
Dominik Szoboszlai,23,187,Central Midfield,41,right,Hungary,12,Liverpool FC,75000000
Donyell Malen,25,176,Right Winger,31,right,Netherlands,6,Borussia Dortmund,40000000
Dusan Tadic,35,181,Left Winger,107,left,Serbia,22,Fenerbahce,3500000
Dušan Vlahović,24,190,Centre-Forward,26,left,Serbia,13,Juventus FC,65000000
Eberechi Eze,25,178,Attacking Midfield,4,right,England,0,Crystal Palace,55000000
Eduardo Camavinga,21,182,Central Midfield,16,left,France,1,Real Madrid,100000000
Elhan Kastrati,27,189,Goalkeeper,2,right,Albania,0,AS Cittadella,1300000
Elseid Hysaj,30,182,Right-Back,83,right,Albania,2,SS Lazio,2500000
Endre Botka,29,178,Right-Back,26,right,Hungary,1,Ferencvárosi TC,1000000
Enea Mihaj,25,186,Centre-Back,19,right,Albania,0,FC Famalicão,1500000
Erik Janza,30,175,Left-Back,9,left,Slovenia,2,Górnik Zabrze,600000
Ernest Muci,23,180,Attacking Midfield,10,both,Albania,3,Besiktas JK,13000000
Etrit Berisha,35,194,Goalkeeper,80,left,Albania,0,FC Empoli,500000
Ezri Konsa,26,183,Centre-Back,4,right,England,0,Aston Villa,35000000
Fabian Rieder,22,179,Attacking Midfield,5,left,Switzerland,0,Stade Rennais FC,8000000
Fabián Ruiz,28,189,Central Midfield,22,left,Spain,1,Paris Saint-Germain,30000000
Fabian Schär,32,186,Centre-Back,81,right,Switzerland,8,Newcastle United,10000000
Federico Chiesa,26,175,Left Winger,46,right,Italy,7,Juventus FC,35000000
Federico Dimarco,26,175,Left-Back,18,left,Italy,2,Inter Milan,50000000
Federico Gatti,25,190,Centre-Back,3,right,Italy,0,Juventus FC,18000000
Ferdi Kadıoğlu,24,174,Left-Back,15,right,Turkiye,1,Fenerbahce,21000000
Ferland Mendy,29,180,Left-Back,9,left,France,0,Real Madrid,22000000
Fermín López,21,174,Central Midfield,1,right,Spain,0,FC Barcelona,30000000
Ferran Torres,24,184,Left Winger,41,right,Spain,19,FC Barcelona,30000000
Filip Kostić,31,184,Left Midfield,62,left,Serbia,3,Juventus FC,6500000
Filip Mladenovic,32,180,Left-Back,30,left,Serbia,1,Panathinaikos FC,900000
Flavius Daniliuc,23,188,Centre-Back,2,right,Austria,0,Red Bull Salzburg,6000000
Florian Grillitsch,28,187,Defensive Midfield,41,right,Austria,1,TSG 1899 Hoffenheim,6500000
Florian Kainz,31,176,Attacking Midfield,27,both,Austria,1,1.FC Köln,2500000
Florian Wirtz,21,177,Attacking Midfield,18,right,Germany,1,Bayer 04 Leverkusen,130000000
Florin Niță,36,184,Goalkeeper,21,right,Romania,0,Gaziantep FK,225000
Florinel Coman,26,182,Left Winger,15,right,Romania,1,FCSB,7000000
Francisco Conceição,21,170,Right Winger,2,left,Portugal,0,FC Porto,22000000
Frederik Rönnow,31,188,Goalkeeper,10,right,Denmark,0,1.FC Union Berlin,4500000
Frenkie de Jong,27,181,Central Midfield,54,right,Netherlands,2,FC Barcelona,70000000
Gabriel Sigua,18,190,Central Midfield,2,right,Georgia,0,FC Basel 1893,2500000
George Pușcaș,28,188,Centre-Forward,42,right,Romania,11,SSC Bari,1500000
Georges Mikautadze,23,176,Centre-Forward,24,right,Georgia,9,FC Metz,15000000
Georginio Wijnaldum,33,175,Central Midfield,92,right,Netherlands,28,Al-Ettifaq FC,4000000
Georgiy Bushchan,30,196,Goalkeeper,18,right,Ukraine,0,Dynamo Kyiv,7000000
Georgiy Sudakov,21,177,Attacking Midfield,16,both,Ukraine,1,Shakhtar Donetsk,35000000
Georgiy Tsitaishvili,23,171,Left Winger,16,left,Georgia,1,Dinamo Batumi,800000
Gernot Trauner,32,183,Centre-Back,10,right,Austria,1,Feyenoord Rotterdam,3500000
Giacomo Raspadori,24,172,Second Striker,27,right,Italy,6,SSC Napoli,25000000
Gianluca Mancini,28,190,Centre-Back,13,right,Italy,0,AS Roma,25000000
Gianluca Scamacca,25,195,Centre-Forward,15,right,Italy,1,Atalanta BC,35000000
Gianluigi Donnarumma,25,196,Goalkeeper,61,right,Italy,0,Paris Saint-Germain,40000000
Giorgi Chakvetadze,24,183,Attacking Midfield,24,right,Georgia,8,Watford FC,2500000
Giorgi Gocholeishvili,23,178,Right-Back,8,right,Georgia,0,Shakhtar Donetsk,2500000
Giorgi Gvelesiani,33,193,Centre-Back,0,right,Georgia,0,Persepolis FC,400000
Giorgi Kochorashvili,24,178,Central Midfield,7,right,Georgia,0,Levante UD,1000000
Giorgi Kvilitaia,30,193,Centre-Forward,37,right,Georgia,6,APOEL Nicosia,1600000
Giorgi Loria,38,197,Goalkeeper,77,right,Georgia,0,Dinamo Tbilisi,50000
Giorgi Mamardashvili,23,197,Goalkeeper,16,left,Georgia,0,Valencia CF,35000000
Giovanni Di Lorenzo,30,183,Right-Back,35,right,Italy,3,SSC Napoli,15000000
Gonçalo Inácio,22,186,Centre-Back,7,left,Portugal,2,Sporting CP,45000000
Gonçalo Ramos,22,185,Centre-Forward,12,right,Portugal,8,Paris Saint-Germain,50000000
Granit Xhaka,31,186,Defensive Midfield,124,left,Switzerland,14,Bayer 04 Leverkusen,20000000
Grant Hanley,32,188,Centre-Back,48,right,Scotland,2,Norwich City,900000
Greg Taylor,26,171,Left-Back,11,left,Scotland,0,Celtic FC,7500000
Gregor Kobel,26,196,Goalkeeper,5,right,Switzerland,0,Borussia Dortmund,40000000
Guglielmo Vicario,27,194,Goalkeeper,2,right,Italy,0,Tottenham Hotspur,35000000
Guram Kashia,36,185,Centre-Back,112,right,Georgia,3,Slovan Bratislava,250000
Hakan Çalhanoğlu,30,178,Defensive Midfield,85,right,Turkiye,18,Inter Milan,45000000
Harry Kane,30,188,Centre-Forward,91,right,England,63,Bayern Munich,100000000
Heinz Lindner,33,187,Goalkeeper,36,right,Austria,0,Union Saint-Gilloise,300000
Henrich Ravas,26,195,Goalkeeper,0,right,Slovakia,0,New England Revolution,1500000
Horațiu Moldovan,26,189,Goalkeeper,11,right,Romania,0,Atlético de Madrid,2500000
Ianis Hagi,25,182,Attacking Midfield,35,both,Romania,5,Deportivo Alavés,2000000
Ibrahima Konaté,25,194,Centre-Back,14,right,France,0,Liverpool FC,45000000
Igor Vekic,26,192,Goalkeeper,1,right,Slovenia,0,Vejle Boldklub,300000
İlkay Gündoğan,33,180,Central Midfield,77,right,Germany,18,FC Barcelona,15000000
Ilya Zabarnyi,21,189,Centre-Back,35,right,Ukraine,1,AFC Bournemouth,32000000
Ionuț Nedelcearu,28,190,Centre-Back,27,right,Romania,2,Palermo FC,1000000
İrfan Can Kahveci,28,180,Right Winger,31,left,Turkiye,2,Fenerbahce,10000000
İsmail Yüksek,25,183,Defensive Midfield,14,right,Turkiye,1,Fenerbahce,12000000
Iván Balliu,32,172,Right-Back,13,right,Albania,0,Rayo Vallecano,2000000
Ivan Ilić,23,186,Central Midfield,15,left,Serbia,0,Torino FC,18000000
Ivan Perisic,35,186,Left Winger,130,both,Croatia,33,HNK Hajduk Split,2000000
Ivan Schranz,30,185,Left Winger,21,right,Slovakia,3,SK Slavia Prague,2000000
Ivan Toney,28,185,Centre-Forward,3,right,England,1,Brentford FC,50000000
Ivica Ivusic,29,195,Goalkeeper,6,right,Croatia,0,Pafos FC,2500000
Jack Hendry,29,192,Centre-Back,24,right,Scotland,3,Al-Ettifaq FC,3000000
Jacob Bruun Larsen,25,183,Left Winger,6,right,Denmark,1,Burnley FC,8000000
Jaka Bijol,25,190,Centre-Back,48,right,Slovenia,1,Udinese Calcio,10000000
Jakub Kaluzinski,21,184,Defensive Midfield,1,both,Poland,0,Antalyaspor,2100000
Jakub Kiwior,24,189,Left-Back,22,left,Poland,1,Arsenal FC,30000000
Jakub Moder,25,191,Central Midfield,22,right,Poland,2,Brighton & Hove Albion,10000000
Jakub Piotrowski,26,188,Defensive Midfield,5,right,Poland,2,Ludogorets Razgrad,5000000
Jamal Musiala,21,184,Attacking Midfield,29,right,Germany,2,Bayern Munich,120000000
James Forrest,32,175,Right Winger,38,right,Scotland,5,Celtic FC,1000000
Jan Bednarek,28,189,Centre-Back,56,right,Poland,1,Southampton FC,11000000
Jan Kuchta,27,185,Centre-Forward,20,right,Czech Republic,3,AC Sparta Prague,5000000
Jan Mlakar,25,183,Centre-Forward,16,right,Slovenia,3,Pisa Sporting Club,2500000
Jan Oblak,31,188,Goalkeeper,64,right,Slovenia,0,Atlético de Madrid,28000000
Jan Vertonghen,37,189,Centre-Back,154,left,Belgium,10,RSC Anderlecht,1500000
Jannik Vestergaard,31,199,Centre-Back,40,both,Denmark,2,Leicester City,3000000
Jarrod Bowen,27,175,Right Winger,8,left,England,0,West Ham United,50000000
Jasir Asani,29,175,Right Winger,13,left,Albania,4,Gwangju FC,1000000
Jasmin Kurtic,35,186,Central Midfield,91,right,Slovenia,2,FC Südtirol,500000
Jemal Tabidze,28,187,Centre-Back,15,left,Georgia,1,Panetolikos GFS,500000
Jerdy Schouten,27,185,Defensive Midfield,4,right,Netherlands,0,PSV Eindhoven,28000000
Jeremie Frimpong,23,172,Right Midfield,3,right,Netherlands,1,Bayer 04 Leverkusen,50000000
Jérémy Doku,22,173,Left Winger,21,right,Belgium,2,Manchester City,65000000
Jesús Navas,38,170,Right-Back,52,right,Spain,5,Sevilla FC,2500000
Jindrich Stanek,28,192,Goalkeeper,9,right,Czech Republic,0,SK Slavia Prague,3500000
Joachim Andersen,28,192,Centre-Back,31,right,Denmark,0,Crystal Palace,35000000
Joakim Maehle,27,185,Right-Back,44,right,Denmark,11,VfL Wolfsburg,14000000
João Cancelo,30,182,Right-Back,52,right,Portugal,10,FC Barcelona,25000000
João Félix,24,181,Second Striker,37,right,Portugal,7,FC Barcelona,30000000
João Neves,19,174,Defensive Midfield,6,right,Portugal,0,SL Benfica,55000000
João Palhinha,28,190,Defensive Midfield,26,right,Portugal,2,Fulham FC,55000000
Joe Gomez,27,188,Centre-Back,15,right,England,0,Liverpool FC,28000000
Joey Veerman,25,185,Central Midfield,9,right,Netherlands,1,PSV Eindhoven,40000000
Johan Bakayoko,21,179,Right Winger,11,left,Belgium,1,PSV Eindhoven,45000000
John McGinn,29,178,Central Midfield,57,left,Scotland,17,Aston Villa,30000000
John Stones,30,188,Centre-Back,72,right,England,3,Manchester City,38000000
Jon Gorenc Stankovic,28,190,Defensive Midfield,23,right,Slovenia,1,SK Sturm Graz,4500000
Jonas Wind,25,190,Centre-Forward,27,right,Denmark,8,VfL Wolfsburg,20000000
Jonathan Clauss,31,178,Right-Back,13,right,France,2,Olympique Marseille,12000000
Jonathan Tah,28,195,Centre-Back,25,right,Germany,0,Bayer 04 Leverkusen,30000000
Jordan Pickford,30,185,Goalkeeper,61,left,England,0,Everton FC,22000000
Jorginho,32,178,Defensive Midfield,53,right,Italy,5,Arsenal FC,12000000
José Sá,31,192,Goalkeeper,2,right,Portugal,0,Wolverhampton Wanderers,14000000
Joselu,34,191,Centre-Forward,10,right,Spain,5,Real Madrid,5000000
Joshua Kimmich,29,177,Right-Back,86,right,Germany,6,Bayern Munich,50000000
Josip Ilicic,36,190,Attacking Midfield,80,left,Slovenia,17,NK Maribor,300000
Josip Juranovic,28,173,Right-Back,37,right,Croatia,0,1.FC Union Berlin,7500000
Josip Stanisic,24,187,Centre-Back,17,both,Croatia,0,Bayer 04 Leverkusen,28000000
Josip Sutalo,24,190,Centre-Back,13,right,Croatia,0,Ajax Amsterdam,15000000
Josko Gvardiol,22,185,Left-Back,29,left,Croatia,2,Manchester City,75000000
Jude Bellingham,20,186,Attacking Midfield,29,right,England,3,Real Madrid,180000000
Jules Koundé,25,180,Centre-Back,27,right,France,0,FC Barcelona,45000000
Juraj Kucka,37,186,Central Midfield,106,right,Slovakia,13,Slovan Bratislava,500000
Jure Balkovec,29,185,Left-Back,32,left,Slovenia,0,Alanyaspor,1200000
Justin Bijlow,26,188,Goalkeeper,8,right,Netherlands,0,Feyenoord Rotterdam,13000000
Kaan Ayhan,29,185,Centre-Back,57,right,Turkiye,5,Galatasaray,4700000
Kacper Urbanski,19,183,Central Midfield,1,right,Poland,0,Bologna FC 1909,7000000
Kai Havertz,24,193,Attacking Midfield,46,left,Germany,16,Arsenal FC,70000000
Kamil Grosicki,36,180,Left Winger,93,right,Poland,17,Pogon Szczecin,500000
Karol Świderski,27,184,Centre-Forward,30,left,Poland,10,Hellas Verona,5000000
Kasper Dolberg,26,187,Centre-Forward,46,right,Denmark,11,RSC Anderlecht,12000000
Kasper Schmeichel,37,189,Goalkeeper,100,right,Denmark,0,RSC Anderlecht,1000000
Kenan Yıldız,19,187,Second Striker,6,both,Turkiye,1,Juventus FC,30000000
Kenny McLean,32,180,Central Midfield,32,left,Scotland,2,Norwich City,900000
Kerem Aktürkoğlu,25,173,Left Winger,28,right,Turkiye,5,Galatasaray,15000000
Kevin Csoboth,23,174,Right Winger,7,right,Hungary,0,Újpest FC,1000000
Kevin Danso,25,190,Centre-Back,18,right,Austria,0,RC Lens,25000000
Kevin De Bruyne,32,181,Attacking Midfield,100,right,Belgium,27,Manchester City,50000000
Khvicha Kvaratskhelia,23,183,Left Winger,29,both,Georgia,15,SSC Napoli,80000000
Kieran Tierney,27,180,Left-Back,43,left,Scotland,1,Real Sociedad,12000000
Kieran Trippier,33,173,Right-Back,48,right,England,1,Newcastle United,10000000
Kingsley Coman,27,181,Left Winger,55,right,France,8,Bayern Munich,50000000
Klaus Gjasula,34,190,Defensive Midfield,28,both,Albania,0,SV Darmstadt 98,400000
Kobbie Mainoo,19,175,Central Midfield,3,right,England,0,Manchester United,50000000
Koen Casteels,31,197,Goalkeeper,9,left,Belgium,0,VfL Wolfsburg,6000000
Konrad Laimer,27,180,Central Midfield,34,right,Austria,4,Bayern Munich,30000000
Kristjan Asllani,22,175,Defensive Midfield,20,right,Albania,2,Inter Milan,18000000
Krisztofer Horváth,22,185,Attacking Midfield,2,right,Hungary,0,Kecskeméti TE,1200000
Krzysztof Piatek,28,183,Centre-Forward,28,right,Poland,11,Basaksehir FK,6000000
Kwadwo Duah,27,185,Centre-Forward,1,right,Switzerland,0,Ludogorets Razgrad,3000000
Kyle Walker,34,178,Right-Back,83,right,England,1,Manchester City,13000000
Kylian Mbappé,25,178,Centre-Forward,78,right,France,47,Paris Saint-Germain,180000000
Ladislav Krejci,25,191,Centre-Back,9,left,Czech Republic,3,AC Sparta Prague,10000000
Lamine Yamal,16,178,Right Winger,6,left,Spain,2,FC Barcelona,90000000
Lasha Dvali,29,191,Centre-Back,31,left,Georgia,1,APOEL Nicosia,900000
Laszlo Benes,26,181,Central Midfield,21,left,Slovakia,1,Hamburger SV,5000000
László Kleinheisler,30,173,Attacking Midfield,50,right,Hungary,3,HNK Hajduk Split,1500000
Lawrence Shankland,28,185,Centre-Forward,9,right,Scotland,2,Heart of Midlothian FC,4000000
Lazar Samardžić,22,184,Central Midfield,8,left,Serbia,0,Udinese Calcio,20000000
Leandro Trossard,29,172,Left Winger,33,right,Belgium,8,Arsenal FC,35000000
Leo Sauer,18,184,Left Winger,2,right,Slovakia,0,Feyenoord Rotterdam,5000000
Leonidas Stergiou,22,181,Centre-Back,2,right,Switzerland,0,VfB Stuttgart,5000000
Leopold Querfeld,20,190,Centre-Back,1,right,Austria,0,Rapid Vienna,5000000
Leroy Sané,28,183,Right Winger,60,left,Germany,13,Bayern Munich,70000000
Levan Shengelia,28,184,Right Winger,16,left,Georgia,1,Panetolikos GFS,750000
Lewis Dunk,32,192,Centre-Back,6,right,England,0,Brighton & Hove Albion,12000000
Lewis Morgan,27,178,Left Winger,2,both,Scotland,0,New York Red Bulls,4000000
Liam Cooper,32,186,Centre-Back,17,left,Scotland,0,Leeds United,1000000
Liam Kelly,28,184,Goalkeeper,1,right,Scotland,0,Motherwell FC,800000
Loïc Nego,33,181,Right-Back,36,right,Hungary,2,Le Havre AC,900000
Loïs Openda,24,177,Centre-Forward,17,right,Belgium,2,RB Leipzig,60000000
Lorenzo Pellegrini,27,186,Attacking Midfield,29,right,Italy,6,AS Roma,25000000
Lovro Majer,26,178,Attacking Midfield,30,left,Croatia,8,VfL Wolfsburg,20000000
Lubomir Tupta,26,182,Left Winger,5,right,Slovakia,0,FC Slovan Liberec,800000
Luka Gugeshashvili,25,196,Goalkeeper,1,left,Georgia,0,Qarabağ FK,600000
Luka Ivanusec,25,175,Left Winger,20,right,Croatia,2,Feyenoord Rotterdam,12000000
Luka Jović,26,182,Centre-Forward,34,right,Serbia,10,AC Milan,7000000
Luka Lochoshvili,26,192,Centre-Back,10,left,Georgia,1,US Cremonese,1100000
Luka Modric,38,172,Central Midfield,174,right,Croatia,24,Real Madrid,6000000
Luka Sucic,21,185,Central Midfield,6,left,Croatia,0,Red Bull Salzburg,15000000
Luka Zahovic,28,177,Centre-Forward,15,right,Slovenia,0,Pogon Szczecin,400000
Lukas Cerv,23,182,Central Midfield,0,'-,Czech Republic,0,FC Viktoria Plzen,1500000
Lukas Haraslin,28,182,Left Winger,35,right,Slovakia,6,AC Sparta Prague,5500000
Lukas Provod,27,189,Left Midfield,18,left,Czech Republic,2,SK Slavia Prague,3000000
Lukasz Skorupski,33,188,Goalkeeper,10,right,Poland,0,Bologna FC 1909,3500000
Luke Shaw,28,178,Left-Back,31,left,England,3,Manchester United,32000000
Lutsharel Geertruida,23,184,Right-Back,8,right,Netherlands,0,Feyenoord Rotterdam,32000000
Mads Hermansen,23,187,Goalkeeper,0,right,Denmark,0,Leicester City,9000000
Maksym Taloverov,23,196,Centre-Back,3,right,Ukraine,0,LASK,2500000
Manuel Akanji,28,188,Centre-Back,59,right,Switzerland,3,Manchester City,45000000
Manuel Neuer,38,193,Goalkeeper,119,right,Germany,0,Bayern Munich,4000000
Marash Kumbulla,24,191,Centre-Back,19,right,Albania,0,US Sassuolo,4500000
Marc Cucurella,25,173,Left-Back,3,left,Spain,0,Chelsea FC,25000000
Marc Guéhi,23,182,Centre-Back,11,right,England,0,Crystal Palace,38000000
Marc-André ter Stegen,32,187,Goalkeeper,40,right,Germany,0,FC Barcelona,28000000
Marcel Sabitzer,30,178,Central Midfield,78,right,Austria,17,Borussia Dortmund,20000000
Marcelo Brozovic,31,181,Defensive Midfield,95,both,Croatia,7,Al-Nassr FC,16000000
Marcin Bulka,24,199,Goalkeeper,1,right,Poland,0,OGC Nice,20000000
Marco Grüll,25,182,Left Winger,4,both,Austria,0,Rapid Vienna,4000000
Marco Pasalic,23,177,Right Winger,5,left,Croatia,1,HNK Rijeka,4000000
Marcus Thuram,26,192,Centre-Forward,19,right,France,2,Inter Milan,65000000
Marek Rodak,27,194,Goalkeeper,22,right,Slovakia,0,Fulham FC,3000000
Marin Pongracic,26,193,Centre-Back,7,right,Croatia,0,US Lecce,7000000
Mario Mitaj,20,180,Left-Back,13,left,Albania,0,Lokomotiv Moscow,2000000
Mario Pasalic,29,188,Central Midfield,62,right,Croatia,10,Atalanta BC,13000000
Marius Marin,25,180,Central Midfield,18,right,Romania,0,Pisa Sporting Club,1600000
Mark Flekken,30,195,Goalkeeper,7,both,Netherlands,0,Brentford FC,12000000
Marko Arnautovic,35,190,Centre-Forward,111,both,Austria,36,Inter Milan,4000000
Marko Pjaca,29,186,Left Winger,26,right,Croatia,1,HNK Rijeka,2500000
Martin Ádám,29,191,Centre-Forward,20,left,Hungary,3,Ulsan HD FC,800000
Martin Baturina,21,172,Attacking Midfield,3,right,Croatia,0,GNK Dinamo Zagreb,20000000
Martin Dubravka,35,191,Goalkeeper,42,right,Slovakia,0,Newcastle United,1000000
Martin Erlić,26,193,Centre-Back,9,right,Croatia,0,US Sassuolo,3000000
Martin Vitík,21,193,Centre-Back,1,right,Czech Republic,0,AC Sparta Prague,12000000
Martín Zubimendi,25,181,Defensive Midfield,6,right,Spain,0,Real Sociedad,50000000
Márton Dárdai,22,188,Centre-Back,3,left,Hungary,0,Hertha BSC,2500000
Matej Jurasek,20,181,Right Winger,1,'-,Czech Republic,0,SK Slavia Prague,8000000
Matej Kovar,24,196,Goalkeeper,1,right,Czech Republic,0,Bayer 04 Leverkusen,7000000
Mateo Kovacic,30,177,Central Midfield,100,right,Croatia,5,Manchester City,30000000
Mateo Retegui,25,186,Centre-Forward,7,right,Italy,4,Genoa CFC,16000000
Matheus Nunes,25,183,Central Midfield,12,right,Portugal,2,Manchester City,50000000
Mathias Jensen,28,180,Central Midfield,30,right,Denmark,1,Brentford FC,28000000
Matteo Darmian,34,183,Right-Back,42,right,Italy,2,Inter Milan,4000000
Matthias Seidl,23,175,Attacking Midfield,3,both,Austria,0,Rapid Vienna,2500000
Matthijs de Ligt,24,189,Centre-Back,45,right,Netherlands,2,Bayern Munich,65000000
Mattia Zaccagni,28,177,Left Winger,5,right,Italy,0,SS Lazio,20000000
Matus Bero,28,181,Central Midfield,29,right,Slovakia,1,VfL Bochum,3500000
Matz Sels,32,188,Goalkeeper,8,right,Belgium,0,Nottingham Forest,7000000
Maxim De Cuyper,23,182,Left-Back,1,left,Belgium,0,Club Brugge KV,9000000
Maximilian Beier,21,185,Centre-Forward,1,right,Germany,0,TSG 1899 Hoffenheim,30000000
Maximilian Entrup,26,186,Centre-Forward,2,"",Austria,1,TSV Hartberg,2000000
Maximilian Mittelstädt,27,180,Left-Back,4,left,Germany,1,VfB Stuttgart,17000000
Maximilian Wöber,26,188,Centre-Back,23,left,Austria,0,Borussia Mönchengladbach,10000000
Medon Berisha,20,186,Central Midfield,1,right,Albania,0,US Lecce,1000000
Memphis Depay,30,178,Centre-Forward,91,right,Netherlands,45,Atlético de Madrid,10000000
Merih Demiral,26,190,Centre-Back,43,right,Turkiye,2,Al-Ahli SFC,16000000
Mert Günok,35,196,Goalkeeper,28,right,Turkiye,0,Besiktas JK,1200000
Mert Müldür,25,184,Right-Back,23,right,Turkiye,1,Fenerbahce,4200000
Michael Folorunsho,26,190,Central Midfield,0,right,Italy,0,Hellas Verona,8500000
Michael Gregoritsch,30,193,Centre-Forward,53,left,Austria,15,SC Freiburg,8000000
Michal Sadílek,25,169,Central Midfield,23,left,Czech Republic,1,Twente Enschede FC,8000000
Michal Skoras,24,172,Left Winger,8,right,Poland,0,Club Brugge KV,5000000
Michel Aebischer,27,183,Central Midfield,19,right,Switzerland,0,Bologna FC 1909,9000000
Micky van de Ven,23,193,Centre-Back,3,left,Netherlands,0,Tottenham Hotspur,55000000
Miha Zajc,29,178,Central Midfield,39,right,Slovenia,8,Fenerbahce,2400000
Mihály Kata,22,176,Central Midfield,3,right,Hungary,0,MTK Budapest,1000000
Mijat Gacinovic,29,175,Attacking Midfield,27,right,Serbia,2,AEK Athens,3000000
Mike Maignan,28,191,Goalkeeper,15,right,France,0,AC Milan,38000000
Mikel Merino,27,189,Central Midfield,20,left,Spain,1,Real Sociedad,50000000
Mikel Oyarzabal,27,181,Centre-Forward,29,left,Spain,10,Real Sociedad,45000000
Mikkel Damsgaard,23,180,Left Winger,26,right,Denmark,4,Brentford FC,10000000
Milan Skriniar,29,188,Centre-Back,67,right,Slovakia,3,Paris Saint-Germain,30000000
Milos Kerkez,20,180,Left-Back,15,left,Hungary,0,AFC Bournemouth,20000000
Milos Veljkovic,28,188,Centre-Back,30,right,Serbia,1,SV Werder Bremen,4500000
Mirlind Daku,26,192,Centre-Forward,5,right,Albania,1,Rubin Kazan,3000000
Mojmír Chytil,25,187,Centre-Forward,12,'-,Czech Republic,4,SK Slavia Prague,6500000
Morten Hjulmand,24,185,Defensive Midfield,6,right,Denmark,0,Sporting CP,40000000
Mykhaylo Mudryk,23,175,Left Winger,20,right,Ukraine,2,Chelsea FC,35000000
Mykola Matvienko,28,182,Centre-Back,64,left,Ukraine,0,Shakhtar Donetsk,18000000
Mykola Shaparenko,25,178,Central Midfield,30,right,Ukraine,1,Dynamo Kyiv,9000000
Nacho Fernández,34,180,Centre-Back,24,right,Spain,1,Real Madrid,3000000
Naser Aliji,30,177,Left-Back,13,left,Albania,0,FC Voluntari,400000
Nathan Aké,29,180,Centre-Back,44,left,Netherlands,5,Manchester City,40000000
Nediljko Labrovic,24,196,Goalkeeper,1,right,Croatia,0,HNK Rijeka,4500000
Nedim Bajrami,25,179,Attacking Midfield,23,right,Albania,4,US Sassuolo,4500000
Nélson Semedo,30,177,Right-Back,28,right,Portugal,0,Wolverhampton Wanderers,12000000
Nemanja Gudelj,32,187,Centre-Back,61,right,Serbia,1,Sevilla FC,3500000
Nemanja Maksimovic,29,189,Central Midfield,49,right,Serbia,0,Getafe CF,6000000
Nemanja Stojic,26,190,Centre-Back,1,right,Serbia,0,FK TSC Backa Topola,2000000
N'Golo Kanté,33,171,Defensive Midfield,54,right,France,2,Al-Ittihad Club,9000000
Niclas Füllkrug,31,189,Centre-Forward,16,right,Germany,11,Borussia Dortmund,15000000
Nico Elvedi,27,189,Centre-Back,52,right,Switzerland,2,Borussia Mönchengladbach,10000000
Nico Schlotterbeck,24,191,Centre-Back,12,left,Germany,0,Borussia Dortmund,40000000
Nico Williams,21,181,Left Winger,13,right,Spain,2,Athletic Bilbao,60000000
Nicola Zalewski,22,175,Left Midfield,17,both,Poland,0,AS Roma,12000000
Nicolae Stanciu,31,170,Attacking Midfield,70,right,Romania,14,Damac FC,4500000
Nicolas Seiwald,23,179,Central Midfield,22,right,Austria,0,RB Leipzig,16000000
Nicolò Barella,27,175,Central Midfield,53,right,Italy,9,Inter Milan,80000000
Nicolò Fagioli,23,178,Central Midfield,2,right,Italy,0,Juventus FC,15000000
Nicuşor Bancu,31,182,Left-Back,36,left,Romania,2,CS Universitatea Craiova,1500000
Nika Kvekveskiri,32,186,Defensive Midfield,59,right,Georgia,0,Lech Poznan,500000
Niklas Hedl,23,190,Goalkeeper,1,right,Austria,0,Rapid Vienna,2000000
Nikola Milenković,26,195,Centre-Back,52,right,Serbia,3,ACF Fiorentina,15000000
Nikola Vlašić,26,179,Attacking Midfield,55,right,Croatia,8,Torino FC,10000000
Noah Okafor,24,185,Left Winger,21,right,Switzerland,2,AC Milan,20000000
Norbert Gyomber,31,189,Centre-Back,39,right,Slovakia,0,US Salernitana 1919,1300000
Nuno Mendes,21,183,Left-Back,21,left,Portugal,0,Paris Saint-Germain,55000000
Okay Yokuşlu,30,191,Defensive Midfield,39,right,Turkiye,1,West Bromwich Albion,3000000
Oleksandr Svatok,29,186,Centre-Back,6,right,Ukraine,0,SK Dnipro-1,2000000
Oleksandr Tymchyk,27,180,Right-Back,17,right,Ukraine,1,Dynamo Kyiv,4000000
Oleksandr Zinchenko,27,175,Left-Back,62,left,Ukraine,9,Arsenal FC,38000000
Oleksandr Zubkov,27,182,Right Winger,32,left,Ukraine,2,Shakhtar Donetsk,7000000
Oliver Baumann,34,187,Goalkeeper,0,right,Germany,0,TSG 1899 Hoffenheim,3000000
Olivier Giroud,37,192,Centre-Forward,132,left,France,57,AC Milan,3000000
Ollie Watkins,28,180,Centre-Forward,12,right,England,3,Aston Villa,65000000
Ondrej Duda,29,180,Central Midfield,71,right,Slovakia,13,Hellas Verona,4000000
Ondrej Lingr,25,175,Attacking Midfield,13,right,Czech Republic,0,Feyenoord Rotterdam,3500000
Orel Mangala,26,178,Central Midfield,14,right,Belgium,0,Olympique Lyon,20000000
Orkun Kökçü,23,175,Central Midfield,27,both,Turkiye,2,SL Benfica,27000000
Otar Kakabadze,28,186,Right Midfield,60,right,Georgia,0,Cracovia,600000
Otar Kiteishvili,28,173,Attacking Midfield,36,both,Georgia,2,SK Sturm Graz,5000000
Ousmane Dembélé,27,178,Right Winger,43,both,France,5,Paris Saint-Germain,60000000
Pascal Groß,32,181,Central Midfield,7,right,Germany,1,Brighton & Hove Albion,8000000
Patrick Pentz,27,183,Goalkeeper,5,left,Austria,0,Bröndby IF,1500000
Patrick Wimmer,23,182,Right Winger,10,right,Austria,0,VfL Wolfsburg,15000000
Patrik Hrosovsky,32,173,Central Midfield,55,right,Slovakia,0,KRC Genk,3500000
Patrik Schick,28,191,Centre-Forward,37,left,Czech Republic,18,Bayer 04 Leverkusen,22000000
Pavel Sulc,23,177,Attacking Midfield,1,right,Czech Republic,0,FC Viktoria Plzen,6000000
Paweł Dawidowicz,29,189,Centre-Back,10,both,Poland,0,Hellas Verona,3000000
Pedri,21,174,Central Midfield,19,right,Spain,0,FC Barcelona,80000000
Pedro Neto,24,172,Right Winger,6,left,Portugal,1,Wolverhampton Wanderers,55000000
Pepe,41,187,Centre-Back,136,right,Portugal,8,FC Porto,500000
Petar Ratkov,20,193,Centre-Forward,1,right,Serbia,0,Red Bull Salzburg,5000000
Petar Stojanović,28,178,Right-Back,52,right,Slovenia,3,UC Sampdoria,1300000
Péter Gulácsi,34,190,Goalkeeper,53,right,Hungary,0,RB Leipzig,3000000
Peter Pekarik,37,177,Right-Back,126,right,Slovakia,2,Hertha BSC,300000
Péter Szappanos,33,194,Goalkeeper,1,right,Hungary,0,Paksi FC,500000
Phil Foden,24,171,Right Winger,34,left,England,4,Manchester City,150000000
Philipp Lienhart,27,189,Centre-Back,19,right,Austria,1,SC Freiburg,15000000
Phillipp Mwene,30,170,Left-Back,11,right,Austria,0,1.FSV Mainz 05,1800000
Pierre-Emile Højbjerg,28,185,Defensive Midfield,76,right,Denmark,9,Tottenham Hotspur,18000000
Piotr Zieliński,30,180,Central Midfield,89,both,Poland,12,SSC Napoli,22000000
Predrag Rajkovic,28,191,Goalkeeper,31,right,Serbia,0,RCD Mallorca,10000000
Przemyslaw Frankowski,29,175,Right Midfield,40,right,Poland,3,RC Lens,9000000
Qazim Laci,28,173,Central Midfield,27,right,Albania,3,AC Sparta Prague,2500000
Radu Drăgușin,22,191,Centre-Back,17,right,Romania,0,Tottenham Hotspur,25000000
Rafael Leão,24,188,Left Winger,25,right,Portugal,4,AC Milan,90000000
Randal Kolo Muani,25,187,Centre-Forward,16,right,France,4,Paris Saint-Germain,45000000
Raoul Bellanova,24,188,Right-Back,1,right,Italy,0,Torino FC,15000000
Rasmus Højlund,21,191,Centre-Forward,13,left,Denmark,7,Manchester United,65000000
Rasmus Kristensen,26,187,Right-Back,21,right,Denmark,0,AS Roma,10000000
Răzvan Marin,28,178,Central Midfield,55,right,Romania,3,FC Empoli,2700000
Remo Freuler,32,180,Central Midfield,66,right,Switzerland,8,Bologna FC 1909,6500000
Renato Steffen,32,170,Right Winger,39,left,Switzerland,4,FC Lugano,1000000
Rey Manaj,27,182,Centre-Forward,33,right,Albania,7,Sivasspor,5000000
Ricardo Rodríguez,31,182,Centre-Back,114,left,Switzerland,9,Torino FC,3500000
Riccardo Calafiori,22,188,Centre-Back,1,left,Italy,0,Bologna FC 1909,30000000
Robert Andrich,29,187,Defensive Midfield,5,right,Germany,0,Bayer 04 Leverkusen,17000000
Robert Bozenik,24,188,Centre-Forward,39,right,Slovakia,6,Boavista FC,5000000
Robert Lewandowski,35,185,Centre-Forward,149,right,Poland,82,FC Barcelona,15000000
Robin Hranac,24,190,Centre-Back,1,right,Czech Republic,0,FC Viktoria Plzen,5000000
Robin Koch,27,191,Centre-Back,9,right,Germany,0,Eintracht Frankfurt,18000000
Robin Le Normand,27,187,Centre-Back,10,right,Spain,1,Real Sociedad,40000000
Rodri,27,191,Defensive Midfield,49,right,Spain,3,Manchester City,120000000
Roland Sallai,27,183,Right Winger,48,both,Hungary,12,SC Freiburg,15000000
Roman Yaremchuk,28,191,Centre-Forward,49,right,Ukraine,14,Valencia CF,3500000
Romano Schmid,24,168,Attacking Midfield,9,right,Austria,0,SV Werder Bremen,10000000
Romelu Lukaku,31,191,Centre-Forward,114,left,Belgium,83,AS Roma,30000000
Ross McCrorie,26,187,Right-Back,0,right,Scotland,0,Bristol City,1800000
Rúben Dias,27,187,Centre-Back,55,right,Portugal,3,Manchester City,80000000
Rúben Neves,27,180,Defensive Midfield,46,right,Portugal,0,Al-Hilal SFC,32000000
Rubén Vargas,25,179,Right Winger,42,right,Switzerland,7,FC Augsburg,7500000
Rui Patrício,36,190,Goalkeeper,108,left,Portugal,0,AS Roma,1000000
Ruslan Malinovskyi,31,181,Attacking Midfield,60,left,Ukraine,7,Genoa CFC,8000000
Ryan Christie,29,178,Attacking Midfield,40,left,Scotland,5,AFC Bournemouth,12000000
Ryan Gravenberch,22,190,Central Midfield,12,right,Netherlands,1,Liverpool FC,35000000
Ryan Jack,32,182,Central Midfield,15,right,Scotland,0,Rangers FC,1000000
Ryan Porteous,25,188,Centre-Back,6,right,Scotland,0,Watford FC,3000000
Saba Lobjanidze,29,175,Left Winger,36,left,Georgia,3,Atlanta United FC,2000000
Salih Özcan,26,183,Defensive Midfield,17,right,Turkiye,0,Borussia Dortmund,10000000
Samet Akaydin,30,190,Centre-Back,5,right,Turkiye,0,Panathinaikos FC,2500000
Sandi Lovric,26,180,Central Midfield,34,right,Slovenia,4,Udinese Calcio,8000000
Sandro Altunashvili,27,169,Central Midfield,4,right,Georgia,0,Wolfsberger AC,800000
Saša Lukić,27,182,Central Midfield,45,right,Serbia,2,Fulham FC,10000000
Scott McKenna,27,189,Centre-Back,33,left,Scotland,1,FC Copenhagen,10000000
Scott McTominay,27,191,Defensive Midfield,41,right,Scotland,6,Manchester United,32000000
Sebastian Kosa,20,191,Centre-Back,1,right,Slovakia,0,Spartak Trnava,1200000
Sebastian Szymanski,25,174,Attacking Midfield,33,left,Poland,3,Fenerbahce,19000000
Sebastian Walukiewicz,24,188,Centre-Back,4,right,Poland,1,FC Empoli,2500000
Semih Kılıçsoy,18,178,Centre-Forward,1,right,Turkiye,0,Besiktas JK,12000000
Sergej Milinković-Savić,29,192,Central Midfield,50,right,Serbia,8,Al-Hilal SFC,30000000
Sergiy Sydorchuk,33,189,Defensive Midfield,61,right,Ukraine,3,KVC Westerlo,2000000
Silvan Widmer,31,183,Right-Back,42,right,Switzerland,3,1.FSV Mainz 05,3000000
Simon Kjær,35,191,Centre-Back,131,right,Denmark,5,AC Milan,1500000
Solomon Kvirkvelia,32,196,Centre-Back,58,right,Georgia,0,Al-Okhdood Club,700000
Srdjan Babic,28,194,Centre-Back,8,left,Serbia,1,Spartak Moscow,4000000
Srdjan Mijailovic,30,178,Defensive Midfield,7,right,Serbia,0,Red Star Belgrade,1700000
Stanislav Lobotka,29,168,Defensive Midfield,54,right,Slovakia,4,SSC Napoli,28000000
Stefan de Vrij,32,189,Centre-Back,63,right,Netherlands,3,Inter Milan,7000000
Stefan Posch,27,190,Right-Back,30,right,Austria,1,Bologna FC 1909,14000000
Ștefan Târnovanu,24,197,Goalkeeper,1,right,Romania,0,FCSB,3000000
Stephan El Shaarawy,31,178,Left Winger,31,right,Italy,7,AS Roma,5000000
Steven Bergwijn,26,178,Left Winger,33,right,Netherlands,8,Ajax Amsterdam,18000000
Steven Zuber,32,182,Left Winger,53,right,Switzerland,11,AEK Athens,2000000
Strahinja Pavlovic,23,194,Centre-Back,34,left,Serbia,4,Red Bull Salzburg,25000000
Stuart Armstrong,32,183,Central Midfield,44,right,Scotland,2,Southampton FC,2000000
Taras Romanczuk,32,186,Defensive Midfield,3,left,Poland,1,Jagiellonia Bialystok,500000
Taras Stepanenko,34,181,Defensive Midfield,82,left,Ukraine,4,Shakhtar Donetsk,2500000
Taulant Seferi,27,184,Centre-Forward,19,right,Albania,3,FC Baniyas,3500000
Teun Koopmeiners,26,184,Attacking Midfield,21,left,Netherlands,2,Atalanta BC,50000000
Theo Hernández,26,184,Left-Back,26,left,France,2,AC Milan,60000000
Thomas Delaney,32,182,Central Midfield,77,left,Denmark,8,RSC Anderlecht,2500000
Thomas Kaminski,31,190,Goalkeeper,1,"",Belgium,0,Luton Town,3000000
Thomas Meunier,32,191,Right-Back,65,right,Belgium,8,Trabzonspor,2500000
Thomas Müller,34,185,Second Striker,129,right,Germany,45,Bayern Munich,8000000
Thomas Strakosha,29,193,Goalkeeper,28,right,Albania,0,Brentford FC,3000000
Tijjani Reijnders,25,185,Central Midfield,8,right,Netherlands,1,AC Milan,30000000
Timi Max Elsnik,26,182,Central Midfield,14,left,Slovenia,1,NK Olimpija Ljubljana,1500000
Timothy Castagne,28,185,Right-Back,42,right,Belgium,2,Fulham FC,17000000
Tomas Chory,29,199,Centre-Forward,3,right,Czech Republic,2,FC Viktoria Plzen,3200000
Tomas Holes,31,180,Centre-Back,27,right,Czech Republic,2,SK Slavia Prague,2200000
Tomas Rigo,21,184,Central Midfield,1,right,Slovakia,1,FC Banik Ostrava,2200000
Tomas Soucek,29,192,Defensive Midfield,68,right,Czech Republic,12,West Ham United,30000000
Tomas Suslov,22,174,Attacking Midfield,27,left,Slovakia,3,Hellas Verona,7000000
Tomas Vlcek,23,181,Centre-Back,1,right,Czech Republic,0,SK Slavia Prague,6000000
Tomi Horvat,25,176,Right Midfield,6,left,Slovenia,0,SK Sturm Graz,5000000
Tommy Conway,21,185,Centre-Forward,0,right,Scotland,0,Bristol City,4000000
Toni Kroos,34,183,Central Midfield,109,right,Germany,17,Real Madrid,10000000
Trent Alexander-Arnold,25,180,Right-Back,25,right,England,3,Liverpool FC,70000000
Tymoteusz Puchacz,25,180,Left-Back,14,left,Poland,0,1.FC Kaiserslautern,2000000
Uğurcan Çakır,28,191,Goalkeeper,27,right,Turkiye,0,Trabzonspor,8000000
Unai Simón,26,190,Goalkeeper,39,right,Spain,0,Athletic Bilbao,30000000
Uros Spajic,31,188,Centre-Back,21,right,Serbia,0,Red Star Belgrade,1200000
Vaclav Cerny,26,182,Right Winger,15,left,Czech Republic,5,VfL Wolfsburg,7000000
Valentin Mihăilă,24,180,Left Winger,21,right,Romania,4,Parma Calcio 1913,2800000
Valeriy Bondar,25,185,Centre-Back,4,right,Ukraine,0,Shakhtar Donetsk,5000000
Vanja Drkusic,24,188,Centre-Back,7,right,Slovenia,0,FC Sochi,2800000
Vanja Milinković-Savić,27,202,Goalkeeper,19,right,Serbia,0,Torino FC,5000000
Vasile Mogoș,31,186,Right-Back,7,right,Romania,0,CFR Cluj,900000
Veljko Birmancevic,26,179,Left Winger,4,right,Serbia,0,AC Sparta Prague,9000000
Vernon De Marco,31,186,Centre-Back,9,left,Slovakia,1,Hatta Club,500000
Victor Kristiansen,21,181,Left-Back,7,left,Denmark,0,Bologna FC 1909,15000000
Vid Belec,34,192,Goalkeeper,21,right,Slovenia,0,APOEL Nicosia,500000
Viktor Tsygankov,26,178,Right Winger,53,left,Ukraine,12,Girona FC,30000000
Vincent Sierro,28,185,Central Midfield,2,right,Switzerland,0,FC Toulouse,4000000
Virgil van Dijk,32,195,Centre-Back,67,right,Netherlands,8,Liverpool FC,30000000
Vitaliy Mykolenko,25,180,Left-Back,40,left,Ukraine,1,Everton FC,28000000
Vitezslav Jaros,22,190,Goalkeeper,0,right,Czech Republic,0,SK Sturm Graz,5000000
Vitinha,24,172,Central Midfield,16,right,Portugal,0,Paris Saint-Germain,50000000
Vladimír Coufal,31,174,Right-Back,40,right,Czech Republic,1,West Ham United,8000000
Vladyslav Vanat,22,182,Centre-Forward,6,left,Ukraine,0,Dynamo Kyiv,10000000
Volodymyr Brazhko,22,184,Defensive Midfield,3,right,Ukraine,0,Dynamo Kyiv,5000000
Waldemar Anton,27,189,Centre-Back,2,right,Germany,0,VfB Stuttgart,20000000
Warren Zaïre-Emery,18,178,Central Midfield,3,right,France,1,Paris Saint-Germain,60000000
Willi Orbán,31,186,Centre-Back,43,right,Hungary,6,RB Leipzig,10000000
William Saliba,23,192,Centre-Back,14,right,France,0,Arsenal FC,80000000
Wojciech Szczęsny,34,196,Goalkeeper,81,right,Poland,0,Juventus FC,6000000
Wout Faes,26,187,Centre-Back,14,right,Belgium,0,Leicester City,20000000
Wout Weghorst,31,197,Centre-Forward,32,right,Netherlands,10,TSG 1899 Hoffenheim,6000000
Xavi Simons,21,179,Attacking Midfield,13,right,Netherlands,0,RB Leipzig,80000000
Xherdan Shaqiri,32,169,Attacking Midfield,122,left,Switzerland,31,Chicago Fire FC,2500000
Yann Sommer,35,183,Goalkeeper,88,right,Switzerland,0,Inter Milan,5000000
Yannick Carrasco,30,181,Left Winger,73,right,Belgium,11,Al-Shabab FC,14000000
Ylber Ramadani,28,185,Defensive Midfield,35,right,Albania,1,US Lecce,4000000
Youri Tielemans,27,177,Central Midfield,67,right,Belgium,7,Aston Villa,25000000
Youssouf Fofana,25,185,Central Midfield,18,right,France,3,AS Monaco,30000000
Yukhym Konoplya,24,180,Right-Back,13,right,Ukraine,1,Shakhtar Donetsk,6000000
Yunus Akgün,23,173,Right Winger,9,left,Turkiye,2,Leicester City,5000000
Yussuf Poulsen,29,192,Centre-Forward,78,right,Denmark,12,RB Leipzig,6000000
Yusuf Yazıcı,27,184,Attacking Midfield,43,left,Turkiye,3,LOSC Lille,10000000
Yvon Mvogo,30,190,Goalkeeper,9,right,Switzerland,0,FC Lorient,3000000
Zan Karnicnik,29,184,Right-Back,27,right,Slovenia,1,NK Celje,1000000
Zan Vipotnik,22,185,Centre-Forward,9,both,Slovenia,2,FC Girondins Bordeaux,2500000
Zan Zaletel,24,185,Centre-Back,2,right,Slovenia,0,Viborg FF,1200000
Zander Clark,31,191,Goalkeeper,3,right,Scotland,0,Heart of Midlothian FC,700000
Zanka,34,189,Centre-Back,37,right,Denmark,2,Brentford FC,1000000
Zeki Amdouni,23,185,Centre-Forward,14,both,Switzerland,7,Burnley FC,12000000
Zeki Çelik,27,180,Right-Back,45,right,Turkiye,2,AS Roma,6000000
Zeno Debast,20,191,Centre-Back,7,right,Belgium,0,RSC Anderlecht,18000000
Zsolt Nagy,31,188,Left-Back,19,both,Hungary,3,Puskás Akadémia FC,1000000
Zuriko Davitashvili,23,175,Right Winger,34,right,Georgia,6,FC Girondins Bordeaux,3000000
